{
  "plans": [
    {
      "id": "1",
      "title": "Basic Plan",
      "amount": 99,
      "validity": "28 days",
      "description": "Unlimited calls + 1GB data"
    },
    {
      "id": "2", 
      "title": "Standard Plan",
      "amount": 199,
      "validity": "28 days",
      "description": "Unlimited calls + 2GB data"
    },
    {
      "id": "3",
      "title": "Premium Plan", 
      "amount": 399,
      "validity": "84 days",
      "description": "Unlimited calls + 6GB data"
    }
  ],
  "recharges": []
}